"","survived","pclass","sex","age","sibsp","parch","fare","embarked","class","who","adult_male","deck","embark_town","alive","alone"
"1",0,3,"male",36,0,0,0,"S","Third","man","True","","Southampton","no","True"
"2",0,1,"male",40,0,0,0,"S","First","man","True","B","Southampton","no","True"
"3",1,3,"male",25,0,0,0,"S","Third","man","True","","Southampton","yes","True"
"4",0,3,"male",19,0,0,0,"S","Third","man","True","","Southampton","no","True"
"5",0,3,"male",49,0,0,0,"S","Third","man","True","","Southampton","no","True"
"6",0,1,"male",39,0,0,0,"S","First","man","True","A","Southampton","no","True"
"7",0,1,"male",38,0,0,0,"S","First","man","True","","Southampton","no","True"
"8",0,3,"male",20,0,0,4.0125,"C","Third","man","True","","Cherbourg","no","True"
"9",0,1,"male",33,0,0,5,"S","First","man","True","B","Southampton","no","True"
"10",0,3,"male",61,0,0,6.2375,"S","Third","man","True","","Southampton","no","True"
"11",0,3,"male",34.5,0,0,6.4375,"C","Third","man","True","","Cherbourg","no","True"
"12",0,3,"male",43,0,0,6.45,"S","Third","man","True","","Southampton","no","True"
"13",0,3,"male",34,0,0,6.4958,"S","Third","man","True","","Southampton","no","True"
"14",0,3,"male",18,1,0,6.4958,"S","Third","man","True","","Southampton","no","False"
"15",0,3,"male",19,0,0,6.75,"Q","Third","man","True","","Queenstown","no","True"
"16",0,3,"female",18,0,0,6.75,"Q","Third","woman","False","","Queenstown","no","True"
"17",0,3,"male",45,0,0,6.975,"S","Third","man","True","","Southampton","no","True"
"18",1,3,"male",27,0,0,6.975,"S","Third","man","True","","Southampton","yes","True"
"19",0,3,"male",29,1,0,7.0458,"S","Third","man","True","","Southampton","no","False"
"20",0,3,"male",20,0,0,7.05,"S","Third","man","True","","Southampton","no","True"
"21",0,3,"male",24,0,0,7.05,"S","Third","man","True","","Southampton","no","True"
"22",0,3,"male",35,0,0,7.05,"S","Third","man","True","","Southampton","no","True"
"23",0,3,"male",38,0,0,7.05,"S","Third","man","True","","Southampton","no","True"
"24",0,3,"male",25,0,0,7.05,"S","Third","man","True","","Southampton","no","True"
"25",0,3,"male",25,0,0,7.05,"S","Third","man","True","","Southampton","no","True"
"26",0,3,"male",51,0,0,7.0542,"S","Third","man","True","","Southampton","no","True"
"27",0,3,"male",17,1,0,7.0542,"S","Third","man","True","","Southampton","no","False"
"28",0,3,"male",22,0,0,7.125,"S","Third","man","True","","Southampton","no","True"
"29",0,3,"male",17,0,0,7.125,"S","Third","man","True","","Southampton","no","True"
"30",0,3,"male",35,0,0,7.125,"S","Third","man","True","","Southampton","no","True"
"31",0,3,"male",41,0,0,7.125,"S","Third","man","True","","Southampton","no","True"
"32",1,3,"male",24,0,0,7.1417,"S","Third","man","True","","Southampton","yes","True"
"33",0,3,"male",45.5,0,0,7.225,"C","Third","man","True","","Cherbourg","no","True"
"34",0,3,"male",30,0,0,7.225,"C","Third","man","True","","Cherbourg","no","True"
"35",1,3,"male",22,0,0,7.225,"C","Third","man","True","","Cherbourg","yes","True"
"36",0,3,"male",40,0,0,7.225,"C","Third","man","True","","Cherbourg","no","True"
"37",0,3,"male",25,0,0,7.225,"C","Third","man","True","","Cherbourg","no","True"
"38",1,3,"female",15,0,0,7.225,"C","Third","child","False","","Cherbourg","yes","True"
"39",0,3,"male",28.5,0,0,7.2292,"C","Third","man","True","","Cherbourg","no","True"
"40",0,3,"male",22,0,0,7.2292,"C","Third","man","True","","Cherbourg","no","True"
"41",0,3,"male",23.5,0,0,7.2292,"C","Third","man","True","","Cherbourg","no","True"
"42",0,3,"male",15,1,1,7.2292,"C","Third","child","False","","Cherbourg","no","False"
"43",0,3,"male",17,1,1,7.2292,"C","Third","man","True","","Cherbourg","no","False"
"44",1,3,"male",20,0,0,7.2292,"C","Third","man","True","","Cherbourg","yes","True"
"45",1,3,"female",13,0,0,7.2292,"C","Third","child","False","","Cherbourg","yes","True"
"46",0,3,"male",30,0,0,7.2292,"C","Third","man","True","","Cherbourg","no","True"
"47",0,3,"male",22,1,0,7.25,"S","Third","man","True","","Southampton","no","False"
"48",0,3,"male",59,0,0,7.25,"S","Third","man","True","","Southampton","no","True"
"49",0,3,"male",22,0,0,7.25,"S","Third","man","True","","Southampton","no","True"
"50",0,3,"male",20.5,0,0,7.25,"S","Third","man","True","","Southampton","no","True"
"51",0,3,"male",22,0,0,7.25,"S","Third","man","True","","Southampton","no","True"
"52",0,3,"male",30,0,0,7.25,"S","Third","man","True","","Southampton","no","True"
"53",1,3,"female",22,0,0,7.25,"S","Third","woman","False","","Southampton","yes","True"
"54",0,3,"male",21,0,0,7.25,"S","Third","man","True","","Southampton","no","True"
"55",0,3,"male",47,0,0,7.25,"S","Third","man","True","","Southampton","no","True"
"56",0,3,"male",25,0,0,7.25,"S","Third","man","True","","Southampton","no","True"
"57",0,3,"male",24,0,0,7.4958,"S","Third","man","True","","Southampton","no","True"
"58",0,3,"male",36,0,0,7.4958,"S","Third","man","True","","Southampton","no","True"
"59",1,3,"female",18,0,0,7.4958,"S","Third","woman","False","","Southampton","yes","True"
"60",0,3,"male",22,0,0,7.5208,"S","Third","man","True","","Southampton","no","True"
"61",1,3,"female",23,0,0,7.55,"S","Third","woman","False","","Southampton","yes","True"
"62",0,3,"male",42,0,0,7.55,"S","Third","man","True","","Southampton","no","True"
"63",0,3,"male",25,0,0,7.65,"S","Third","man","True","F","Southampton","no","True"
"64",1,3,"female",21,0,0,7.65,"S","Third","woman","False","","Southampton","yes","True"
"65",0,3,"male",42,0,0,7.65,"S","Third","man","True","F","Southampton","no","True"
"66",0,3,"male",19,0,0,7.65,"S","Third","man","True","F","Southampton","no","True"
"67",1,3,"female",16,0,0,7.7333,"Q","Third","woman","False","","Queenstown","yes","True"
"68",0,3,"male",21,0,0,7.7333,"Q","Third","man","True","","Queenstown","no","True"
"69",0,3,"male",25,0,0,7.7417,"Q","Third","man","True","","Queenstown","no","True"
"70",0,3,"male",70.5,0,0,7.75,"Q","Third","man","True","","Queenstown","no","True"
"71",1,3,"female",22,0,0,7.75,"S","Third","woman","False","","Southampton","yes","True"
"72",1,3,"female",16,0,0,7.75,"Q","Third","woman","False","","Queenstown","yes","True"
"73",0,3,"female",45,0,0,7.75,"S","Third","woman","False","","Southampton","no","True"
"74",0,3,"male",65,0,0,7.75,"Q","Third","man","True","","Queenstown","no","True"
"75",1,3,"female",22,0,0,7.75,"Q","Third","woman","False","","Queenstown","yes","True"
"76",0,3,"male",51,0,0,7.75,"S","Third","man","True","","Southampton","no","True"
"77",0,3,"female",21,0,0,7.75,"Q","Third","woman","False","","Queenstown","no","True"
"78",1,3,"male",29,0,0,7.75,"Q","Third","man","True","","Queenstown","yes","True"
"79",0,3,"male",40.5,0,0,7.75,"Q","Third","man","True","","Queenstown","no","True"
"80",0,3,"male",31,0,0,7.75,"Q","Third","man","True","","Queenstown","no","True"
"81",0,3,"female",30.5,0,0,7.75,"Q","Third","woman","False","","Queenstown","no","True"
"82",0,3,"male",18,0,0,7.75,"S","Third","man","True","","Southampton","no","True"
"83",0,3,"male",32,0,0,7.75,"Q","Third","man","True","","Queenstown","no","True"
"84",0,3,"male",26,0,0,7.775,"S","Third","man","True","","Southampton","no","True"
"85",0,3,"male",29,0,0,7.775,"S","Third","man","True","","Southampton","no","True"
"86",0,3,"female",25,0,0,7.775,"S","Third","woman","False","","Southampton","no","True"
"87",1,3,"male",25,1,0,7.775,"S","Third","man","True","","Southampton","yes","False"
"88",0,3,"male",19,0,0,7.775,"S","Third","man","True","","Southampton","no","True"
"89",0,3,"male",21,0,0,7.775,"S","Third","man","True","","Southampton","no","True"
"90",0,3,"male",25,1,0,7.775,"S","Third","man","True","","Southampton","no","False"
"91",1,3,"female",22,0,0,7.775,"S","Third","woman","False","","Southampton","yes","True"
"92",0,3,"male",18,0,0,7.775,"S","Third","man","True","","Southampton","no","True"
"93",0,3,"male",33,0,0,7.775,"S","Third","man","True","","Southampton","no","True"
"94",0,3,"male",16,0,0,7.775,"S","Third","man","True","","Southampton","no","True"
"95",0,3,"male",31,0,0,7.775,"S","Third","man","True","","Southampton","no","True"
"96",0,3,"female",18,0,0,7.775,"S","Third","woman","False","","Southampton","no","True"
"97",0,3,"male",74,0,0,7.775,"S","Third","man","True","","Southampton","no","True"
"98",1,3,"male",27,0,0,7.7958,"S","Third","man","True","","Southampton","yes","True"
"99",1,3,"male",21,0,0,7.7958,"S","Third","man","True","","Southampton","yes","True"
"100",0,3,"male",22,0,0,7.7958,"S","Third","man","True","","Southampton","no","True"
"101",0,3,"male",24,0,0,7.7958,"S","Third","man","True","","Southampton","no","True"
"102",0,3,"male",18,0,0,7.7958,"S","Third","man","True","","Southampton","no","True"
"103",0,3,"male",28,0,0,7.7958,"S","Third","man","True","","Southampton","no","True"
"104",0,3,"male",21,0,0,7.8,"S","Third","man","True","","Southampton","no","True"
"105",0,3,"female",14,0,0,7.8542,"S","Third","child","False","","Southampton","no","True"
"106",0,3,"male",20,0,0,7.8542,"S","Third","man","True","","Southampton","no","True"
"107",0,3,"male",18,1,1,7.8542,"S","Third","man","True","","Southampton","no","False"
"108",1,3,"female",19,1,0,7.8542,"S","Third","woman","False","","Southampton","yes","False"
"109",0,3,"male",28,0,0,7.8542,"S","Third","man","True","","Southampton","no","True"
"110",1,3,"female",26,0,0,7.8542,"S","Third","woman","False","","Southampton","yes","True"
"111",0,3,"female",31,0,0,7.8542,"S","Third","woman","False","","Southampton","no","True"
"112",1,3,"male",32,0,0,7.8542,"S","Third","man","True","","Southampton","yes","True"
"113",0,3,"male",21,0,0,7.8542,"S","Third","man","True","","Southampton","no","True"
"114",0,3,"male",20,0,0,7.8542,"S","Third","man","True","","Southampton","no","True"
"115",0,3,"male",26,1,0,7.8542,"S","Third","man","True","","Southampton","no","False"
"116",0,3,"male",48,0,0,7.8542,"S","Third","man","True","","Southampton","no","True"
"117",0,3,"male",23,0,0,7.8542,"S","Third","man","True","","Southampton","no","True"
"118",0,3,"male",29,0,0,7.875,"S","Third","man","True","","Southampton","no","True"
"119",1,3,"female",19,0,0,7.8792,"Q","Third","woman","False","","Queenstown","yes","True"
"120",0,3,"male",26,0,0,7.8875,"S","Third","man","True","","Southampton","no","True"
"121",0,3,"female",28,0,0,7.8958,"S","Third","woman","False","","Southampton","no","True"
"122",0,3,"male",28,0,0,7.8958,"S","Third","man","True","","Southampton","no","True"
"123",0,3,"male",38,0,0,7.8958,"S","Third","man","True","","Southampton","no","True"
"124",0,3,"male",33,0,0,7.8958,"C","Third","man","True","","Cherbourg","no","True"
"125",0,3,"male",36,0,0,7.8958,"S","Third","man","True","","Southampton","no","True"
"126",0,3,"male",22,0,0,7.8958,"S","Third","man","True","","Southampton","no","True"
"127",0,3,"male",24,0,0,7.8958,"S","Third","man","True","","Southampton","no","True"
"128",0,3,"male",28,0,0,7.8958,"S","Third","man","True","","Southampton","no","True"
"129",0,3,"male",27,0,0,7.8958,"S","Third","man","True","","Southampton","no","True"
"130",1,3,"male",29,0,0,7.8958,"C","Third","man","True","","Cherbourg","yes","True"
"131",0,3,"male",32,0,0,7.8958,"S","Third","man","True","","Southampton","no","True"
"132",0,3,"male",22,0,0,7.8958,"S","Third","man","True","","Southampton","no","True"
"133",0,3,"male",40,0,0,7.8958,"S","Third","man","True","","Southampton","no","True"
"134",0,3,"male",19,0,0,7.8958,"S","Third","man","True","","Southampton","no","True"
"135",0,3,"male",30,0,0,7.8958,"S","Third","man","True","","Southampton","no","True"
"136",0,3,"male",26,0,0,7.8958,"S","Third","man","True","","Southampton","no","True"
"137",0,3,"male",19,0,0,7.8958,"S","Third","man","True","","Southampton","no","True"
"138",0,3,"male",23,0,0,7.8958,"S","Third","man","True","","Southampton","no","True"
"139",0,3,"male",25,0,0,7.8958,"S","Third","man","True","","Southampton","no","True"
"140",0,3,"male",35,0,0,7.8958,"C","Third","man","True","","Cherbourg","no","True"
"141",0,3,"male",26,0,0,7.8958,"S","Third","man","True","","Southampton","no","True"
"142",0,3,"male",19,0,0,7.8958,"S","Third","man","True","","Southampton","no","True"
"143",0,3,"male",33,0,0,7.8958,"S","Third","man","True","","Southampton","no","True"
"144",1,3,"female",26,0,0,7.925,"S","Third","woman","False","","Southampton","yes","True"
"145",1,3,"female",17,4,2,7.925,"S","Third","woman","False","","Southampton","yes","False"
"146",0,3,"male",37,2,0,7.925,"S","Third","man","True","","Southampton","no","False"
"147",0,3,"male",21,0,0,7.925,"S","Third","man","True","","Southampton","no","True"
"148",0,3,"male",21,0,0,7.925,"S","Third","man","True","","Southampton","no","True"
"149",1,3,"female",27,0,0,7.925,"S","Third","woman","False","","Southampton","yes","True"
"150",0,3,"male",32,0,0,7.925,"S","Third","man","True","","Southampton","no","True"
"151",0,3,"male",28,2,0,7.925,"S","Third","man","True","","Southampton","no","False"
"152",1,3,"male",39,0,0,7.925,"S","Third","man","True","","Southampton","yes","True"
"153",1,3,"male",44,0,0,7.925,"S","Third","man","True","","Southampton","yes","True"
"154",0,3,"male",39,0,0,7.925,"S","Third","man","True","","Southampton","no","True"
"155",1,3,"male",32,0,0,7.925,"S","Third","man","True","","Southampton","yes","True"
"156",0,3,"male",32,0,0,7.925,"S","Third","man","True","","Southampton","no","True"
"157",1,3,"male",20,1,0,7.925,"S","Third","man","True","","Southampton","yes","False"
"158",0,3,"female",25,1,0,7.925,"S","Third","woman","False","","Southampton","no","False"
"159",1,3,"male",31,0,0,7.925,"S","Third","man","True","","Southampton","yes","True"
"160",0,3,"female",23,0,0,7.925,"S","Third","woman","False","","Southampton","no","True"
"161",0,3,"male",20,0,0,7.925,"S","Third","man","True","","Southampton","no","True"
"162",1,3,"female",15,0,0,8.0292,"Q","Third","child","False","","Queenstown","yes","True"
"163",0,3,"male",35,0,0,8.05,"S","Third","man","True","","Southampton","no","True"
"164",0,3,"male",20,0,0,8.05,"S","Third","man","True","","Southampton","no","True"
"165",0,3,"male",21,0,0,8.05,"S","Third","man","True","","Southampton","no","True"
"166",0,3,"male",24,0,0,8.05,"S","Third","man","True","","Southampton","no","True"
"167",0,3,"male",29,0,0,8.05,"S","Third","man","True","","Southampton","no","True"
"168",0,3,"male",22,0,0,8.05,"S","Third","man","True","","Southampton","no","True"
"169",0,3,"male",55.5,0,0,8.05,"S","Third","man","True","","Southampton","no","True"
"170",0,3,"male",30,0,0,8.05,"S","Third","man","True","","Southampton","no","True"
"171",1,3,"male",18,0,0,8.05,"S","Third","man","True","","Southampton","yes","True"
"172",1,3,"male",16,0,0,8.05,"S","Third","man","True","","Southampton","yes","True"
"173",0,3,"male",51,0,0,8.05,"S","Third","man","True","","Southampton","no","True"
"174",1,3,"male",19,0,0,8.05,"S","Third","man","True","","Southampton","yes","True"
"175",1,3,"male",45,0,0,8.05,"S","Third","man","True","","Southampton","yes","True"
"176",0,3,"male",19,0,0,8.05,"S","Third","man","True","","Southampton","no","True"
"177",0,3,"male",26,0,0,8.05,"S","Third","man","True","","Southampton","no","True"
"178",1,3,"male",32,0,0,8.05,"S","Third","man","True","E","Southampton","yes","True"
"179",0,3,"male",34,0,0,8.05,"S","Third","man","True","","Southampton","no","True"
"180",0,3,"male",50,0,0,8.05,"S","Third","man","True","","Southampton","no","True"
"181",0,3,"male",30,0,0,8.05,"S","Third","man","True","","Southampton","no","True"
"182",0,3,"male",21,0,0,8.05,"S","Third","man","True","","Southampton","no","True"
"183",0,3,"male",16,0,0,8.05,"S","Third","man","True","","Southampton","no","True"
"184",0,3,"male",22,0,0,8.05,"S","Third","man","True","","Southampton","no","True"
"185",0,3,"male",44,0,0,8.05,"S","Third","man","True","","Southampton","no","True"
"186",0,3,"male",35,0,0,8.05,"S","Third","man","True","","Southampton","no","True"
"187",0,3,"male",43,0,0,8.05,"S","Third","man","True","","Southampton","no","True"
"188",0,3,"male",24.5,0,0,8.05,"S","Third","man","True","","Southampton","no","True"
"189",0,3,"male",44,0,0,8.05,"S","Third","man","True","","Southampton","no","True"
"190",0,3,"male",34,0,0,8.05,"S","Third","man","True","","Southampton","no","True"
"191",0,3,"male",30.5,0,0,8.05,"S","Third","man","True","","Southampton","no","True"
"192",0,3,"male",19,0,0,8.1583,"S","Third","man","True","","Southampton","no","True"
"193",0,3,"male",18,0,0,8.3,"S","Third","man","True","","Southampton","no","True"
"194",0,3,"male",32,0,0,8.3625,"S","Third","man","True","","Southampton","no","True"
"195",0,3,"male",42,0,1,8.4042,"S","Third","man","True","","Southampton","no","False"
"196",0,3,"male",21,0,0,8.4333,"S","Third","man","True","","Southampton","no","True"
"197",1,3,"male",0.42,0,1,8.5167,"C","Third","child","False","","Cherbourg","yes","False"
"198",0,3,"male",33,0,0,8.6542,"S","Third","man","True","","Southampton","no","True"
"199",0,3,"male",26,2,0,8.6625,"S","Third","man","True","","Southampton","no","False"
"200",0,3,"male",17,0,0,8.6625,"S","Third","man","True","","Southampton","no","True"
"201",0,3,"male",33,0,0,8.6625,"C","Third","man","True","","Cherbourg","no","True"
"202",0,3,"male",42,0,0,8.6625,"S","Third","man","True","","Southampton","no","True"
"203",0,3,"female",20,0,0,8.6625,"S","Third","woman","False","","Southampton","no","True"
"204",0,3,"male",38,0,0,8.6625,"S","Third","man","True","","Southampton","no","True"
"205",0,3,"male",17,0,0,8.6625,"S","Third","man","True","","Southampton","no","True"
"206",0,3,"female",30,0,0,8.6625,"S","Third","woman","False","","Southampton","no","True"
"207",0,3,"male",20,0,0,8.6625,"S","Third","man","True","","Southampton","no","True"
"208",1,3,"male",27,0,0,8.6625,"S","Third","man","True","","Southampton","yes","True"
"209",0,3,"male",21,0,0,8.6625,"S","Third","man","True","","Southampton","no","True"
"210",0,3,"male",17,0,0,8.6625,"S","Third","man","True","","Southampton","no","True"
"211",1,3,"female",31,0,0,8.6833,"S","Third","woman","False","","Southampton","yes","True"
"212",0,3,"female",24,0,0,8.85,"S","Third","woman","False","","Southampton","no","True"
"213",0,3,"male",22,0,0,9,"S","Third","man","True","","Southampton","no","True"
"214",0,3,"male",47,0,0,9,"S","Third","man","True","","Southampton","no","True"
"215",0,3,"male",16,0,0,9.2167,"S","Third","man","True","","Southampton","no","True"
"216",0,3,"male",23,0,0,9.225,"S","Third","man","True","","Southampton","no","True"
"217",0,3,"male",20,0,0,9.225,"S","Third","man","True","","Southampton","no","True"
"218",0,3,"male",22,0,0,9.35,"S","Third","man","True","","Southampton","no","True"
"219",1,3,"female",18,0,1,9.35,"S","Third","woman","False","","Southampton","yes","False"
"220",0,3,"female",40,1,0,9.475,"S","Third","woman","False","","Southampton","no","False"
"221",0,3,"male",29,0,0,9.4833,"S","Third","man","True","","Southampton","no","True"
"222",1,3,"male",29,0,0,9.5,"S","Third","man","True","","Southampton","yes","True"
"223",0,3,"male",28,0,0,9.5,"S","Third","man","True","","Southampton","no","True"
"224",0,3,"male",16,0,0,9.5,"S","Third","man","True","","Southampton","no","True"
"225",1,3,"male",30,0,0,9.5,"S","Third","man","True","","Southampton","yes","True"
"226",0,3,"male",28,0,0,9.5,"S","Third","man","True","","Southampton","no","True"
"227",0,3,"male",20,0,0,9.5,"S","Third","man","True","","Southampton","no","True"
"228",0,3,"male",33,0,0,9.5,"S","Third","man","True","","Southampton","no","True"
"229",0,3,"male",24,0,0,9.5,"S","Third","man","True","","Southampton","no","True"
"230",1,3,"female",63,0,0,9.5875,"S","Third","woman","False","","Southampton","yes","True"
"231",0,3,"female",37,0,0,9.5875,"S","Third","woman","False","","Southampton","no","True"
"232",0,3,"female",20,1,0,9.825,"S","Third","woman","False","","Southampton","no","False"
"233",0,3,"female",21,1,0,9.825,"S","Third","woman","False","","Southampton","no","False"
"234",0,3,"female",22,0,0,9.8375,"S","Third","woman","False","","Southampton","no","True"
"235",1,3,"female",18,0,0,9.8417,"S","Third","woman","False","","Southampton","yes","True"
"236",0,3,"male",20,0,0,9.8458,"S","Third","man","True","","Southampton","no","True"
"237",0,3,"male",19,0,0,10.1708,"S","Third","man","True","","Southampton","no","True"
"238",0,3,"female",2,0,1,10.4625,"S","Third","child","False","G","Southampton","no","False"
"239",0,3,"female",29,1,1,10.4625,"S","Third","woman","False","G","Southampton","no","False"
"240",0,2,"male",66,0,0,10.5,"S","Second","man","True","","Southampton","no","True"
"241",1,2,"female",21,0,0,10.5,"S","Second","woman","False","","Southampton","yes","True"
"242",1,2,"female",29,0,0,10.5,"S","Second","woman","False","F","Southampton","yes","True"
"243",0,2,"male",32,0,0,10.5,"S","Second","man","True","","Southampton","no","True"
"244",1,2,"female",17,0,0,10.5,"S","Second","woman","False","","Southampton","yes","True"
"245",0,2,"male",30,0,0,10.5,"S","Second","man","True","","Southampton","no","True"
"246",1,2,"male",19,0,0,10.5,"S","Second","man","True","","Southampton","yes","True"
"247",0,2,"male",24,0,0,10.5,"S","Second","man","True","","Southampton","no","True"
"248",0,2,"male",19,0,0,10.5,"S","Second","man","True","","Southampton","no","True"
"249",0,2,"male",29,0,0,10.5,"S","Second","man","True","","Southampton","no","True"
"250",0,2,"male",36,0,0,10.5,"S","Second","man","True","","Southampton","no","True"
"251",0,2,"male",23,0,0,10.5,"S","Second","man","True","","Southampton","no","True"
"252",0,2,"male",31,0,0,10.5,"S","Second","man","True","","Southampton","no","True"
"253",1,2,"female",50,0,0,10.5,"S","Second","woman","False","","Southampton","yes","True"
"254",1,2,"female",34,0,0,10.5,"S","Second","woman","False","F","Southampton","yes","True"
"255",1,2,"female",50,0,0,10.5,"S","Second","woman","False","","Southampton","yes","True"
"256",1,2,"male",62,0,0,10.5,"S","Second","man","True","","Southampton","yes","True"
"257",0,2,"male",26,0,0,10.5,"S","Second","man","True","","Southampton","no","True"
"258",0,2,"male",70,0,0,10.5,"S","Second","man","True","","Southampton","no","True"
"259",1,2,"female",27,0,0,10.5,"S","Second","woman","False","E","Southampton","yes","True"
"260",0,2,"female",57,0,0,10.5,"S","Second","woman","False","E","Southampton","no","True"
"261",0,2,"male",35,0,0,10.5,"S","Second","man","True","","Southampton","no","True"
"262",0,2,"male",16,0,0,10.5,"S","Second","man","True","","Southampton","no","True"
"263",0,2,"male",28,0,0,10.5,"S","Second","man","True","","Southampton","no","True"
"264",0,3,"female",22,0,0,10.5167,"S","Third","woman","False","","Southampton","no","True"
"265",1,3,"female",27,0,2,11.1333,"S","Third","woman","False","","Southampton","yes","False"
"266",1,3,"female",1,1,1,11.1333,"S","Third","child","False","","Southampton","yes","False"
"267",1,3,"male",4,1,1,11.1333,"S","Third","child","False","","Southampton","yes","False"
"268",1,3,"female",14,1,0,11.2417,"C","Third","child","False","","Cherbourg","yes","False"
"269",1,3,"male",12,1,0,11.2417,"C","Third","child","False","","Cherbourg","yes","False"
"270",0,2,"male",18,0,0,11.5,"S","Second","man","True","","Southampton","no","True"
"271",0,2,"male",23,2,1,11.5,"S","Second","man","True","","Southampton","no","False"
"272",0,2,"male",18,0,0,11.5,"S","Second","man","True","","Southampton","no","True"
"273",0,2,"male",21,1,0,11.5,"S","Second","man","True","","Southampton","no","False"
"274",1,2,"female",17,0,0,12,"C","Second","woman","False","","Cherbourg","yes","True"
"275",0,2,"male",33,0,0,12.275,"S","Second","man","True","","Southampton","no","True"
"276",1,3,"female",2,0,1,12.2875,"S","Third","child","False","","Southampton","yes","False"
"277",1,2,"female",30,0,0,12.35,"Q","Second","woman","False","","Queenstown","yes","True"
"278",0,2,"male",57,0,0,12.35,"Q","Second","man","True","","Queenstown","no","True"
"279",1,3,"female",30,0,0,12.475,"S","Third","woman","False","","Southampton","yes","True"
"280",1,3,"male",6,0,1,12.475,"S","Third","child","False","E","Southampton","yes","False"
"281",1,3,"female",5,0,0,12.475,"S","Third","child","False","","Southampton","yes","True"
"282",1,3,"female",27,0,1,12.475,"S","Third","woman","False","E","Southampton","yes","False"
"283",0,2,"male",51,0,0,12.525,"S","Second","man","True","","Southampton","no","True"
"284",1,2,"female",28,0,0,12.65,"S","Second","woman","False","","Southampton","yes","True"
"285",0,2,"male",36,0,0,12.875,"C","Second","man","True","D","Cherbourg","no","True"
"286",1,2,"male",34,0,0,13,"S","Second","man","True","D","Southampton","yes","True"
"287",1,2,"female",32.5,0,0,13,"S","Second","woman","False","E","Southampton","yes","True"
"288",0,2,"male",25,0,0,13,"S","Second","man","True","","Southampton","no","True"
"289",0,2,"male",42,0,0,13,"S","Second","man","True","","Southampton","no","True"
"290",0,2,"male",30,0,0,13,"S","Second","man","True","","Southampton","no","True"
"291",1,2,"female",32,0,0,13,"S","Second","woman","False","","Southampton","yes","True"
"292",0,2,"male",19,0,0,13,"S","Second","man","True","","Southampton","no","True"
"293",0,2,"female",24,0,0,13,"S","Second","woman","False","","Southampton","no","True"
"294",0,2,"male",30,0,0,13,"S","Second","man","True","","Southampton","no","True"
"295",0,2,"male",27,0,0,13,"S","Second","man","True","","Southampton","no","True"
"296",0,2,"male",18,0,0,13,"S","Second","man","True","","Southampton","no","True"
"297",1,2,"male",42,0,0,13,"S","Second","man","True","","Southampton","yes","True"
"298",1,2,"female",36,0,0,13,"S","Second","woman","False","D","Southampton","yes","True"
"299",0,2,"male",28,0,0,13,"S","Second","man","True","","Southampton","no","True"
"300",0,2,"male",25,0,0,13,"S","Second","man","True","","Southampton","no","True"
"301",0,2,"male",36,0,0,13,"S","Second","man","True","","Southampton","no","True"
"302",1,2,"female",24,0,0,13,"S","Second","woman","False","F","Southampton","yes","True"
"303",1,2,"female",40,0,0,13,"S","Second","woman","False","","Southampton","yes","True"
"304",0,2,"female",38,0,0,13,"S","Second","woman","False","","Southampton","no","True"
"305",1,2,"female",36,0,0,13,"S","Second","woman","False","","Southampton","yes","True"
"306",1,2,"female",18,0,2,13,"S","Second","woman","False","","Southampton","yes","False"
"307",0,2,"male",30,0,0,13,"S","Second","man","True","","Southampton","no","True"
"308",1,2,"female",28,0,0,13,"S","Second","woman","False","","Southampton","yes","True"
"309",0,2,"male",48,0,0,13,"S","Second","man","True","","Southampton","no","True"
"310",1,2,"female",34,0,0,13,"S","Second","woman","False","","Southampton","yes","True"
"311",1,2,"female",28,0,0,13,"S","Second","woman","False","","Southampton","yes","True"
"312",0,2,"male",23,0,0,13,"S","Second","man","True","","Southampton","no","True"
"313",0,2,"male",25,0,0,13,"S","Second","man","True","","Southampton","no","True"
"314",1,2,"male",31,0,0,13,"S","Second","man","True","","Southampton","yes","True"
"315",0,2,"male",52,0,0,13,"S","Second","man","True","","Southampton","no","True"
"316",0,2,"male",34,0,0,13,"S","Second","man","True","","Southampton","no","True"
"317",0,2,"male",50,0,0,13,"S","Second","man","True","","Southampton","no","True"
"318",0,2,"male",23,0,0,13,"S","Second","man","True","","Southampton","no","True"
"319",0,2,"male",23,0,0,13,"S","Second","man","True","","Southampton","no","True"
"320",1,2,"female",30,0,0,13,"S","Second","woman","False","","Southampton","yes","True"
"321",0,2,"male",39,0,0,13,"S","Second","man","True","","Southampton","no","True"
"322",0,2,"male",34,0,0,13,"S","Second","man","True","","Southampton","no","True"
"323",0,2,"male",39,0,0,13,"S","Second","man","True","","Southampton","no","True"
"324",0,2,"male",24,0,0,13,"S","Second","man","True","","Southampton","no","True"
"325",1,2,"female",42,0,0,13,"S","Second","woman","False","","Southampton","yes","True"
"326",0,2,"male",27,0,0,13,"S","Second","man","True","","Southampton","no","True"
"327",1,3,"female",4,0,1,13.4167,"C","Third","child","False","","Cherbourg","yes","False"
"328",0,2,"male",59,0,0,13.5,"S","Second","man","True","","Southampton","no","True"
"329",0,2,"male",28,0,0,13.5,"S","Second","man","True","","Southampton","no","True"
"330",0,2,"male",52,0,0,13.5,"S","Second","man","True","","Southampton","no","True"
"331",1,2,"female",45,0,0,13.5,"S","Second","woman","False","","Southampton","yes","True"
"332",1,2,"female",23,0,0,13.7917,"C","Second","woman","False","D","Cherbourg","yes","True"
"333",1,2,"female",27,1,0,13.8583,"C","Second","woman","False","","Cherbourg","yes","False"
"334",0,2,"male",54,0,0,14,"S","Second","man","True","","Southampton","no","True"
"335",0,3,"male",41,2,0,14.1083,"S","Third","man","True","","Southampton","no","False"
"336",0,3,"female",28,1,1,14.4,"S","Third","woman","False","","Southampton","no","False"
"337",0,3,"male",34,1,1,14.4,"S","Third","man","True","","Southampton","no","False"
"338",0,3,"male",26,1,0,14.4542,"C","Third","man","True","","Cherbourg","no","False"
"339",0,3,"female",14.5,1,0,14.4542,"C","Third","child","False","","Cherbourg","no","False"
"340",0,3,"female",45,0,1,14.4542,"C","Third","woman","False","","Cherbourg","no","False"
"341",0,3,"male",27,1,0,14.4542,"C","Third","man","True","","Cherbourg","no","False"
"342",0,3,"female",18,0,1,14.4542,"C","Third","woman","False","","Cherbourg","no","False"
"343",1,3,"female",15,1,0,14.4542,"C","Third","child","False","","Cherbourg","yes","False"
"344",0,3,"female",17,0,0,14.4583,"C","Third","woman","False","","Cherbourg","no","True"
"345",0,3,"female",47,1,0,14.5,"S","Third","woman","False","","Southampton","no","False"
"346",0,3,"male",40.5,0,2,14.5,"S","Third","man","True","","Southampton","no","False"
"347",1,2,"female",24,0,2,14.5,"S","Second","woman","False","","Southampton","yes","False"
"348",0,3,"male",19,0,0,14.5,"S","Third","man","True","","Southampton","no","True"
"349",1,2,"male",0.67,1,1,14.5,"S","Second","child","False","","Southampton","yes","False"
"350",0,2,"male",47,0,0,15,"S","Second","man","True","","Southampton","no","True"
"351",0,2,"male",23,0,0,15.0458,"C","Second","man","True","","Cherbourg","no","True"
"352",1,3,"female",29,0,2,15.2458,"C","Third","woman","False","","Cherbourg","yes","False"
"353",0,3,"female",9,1,1,15.2458,"C","Third","child","False","","Cherbourg","no","False"
"354",0,3,"male",40,1,1,15.5,"Q","Third","man","True","","Queenstown","no","False"
"355",0,3,"female",32,1,1,15.5,"Q","Third","woman","False","","Queenstown","no","False"
"356",0,3,"male",36,1,0,15.55,"S","Third","man","True","","Southampton","no","False"
"357",1,3,"female",1,0,2,15.7417,"C","Third","child","False","","Cherbourg","yes","False"
"358",1,3,"male",20,1,1,15.7417,"C","Third","man","True","","Cherbourg","yes","False"
"359",1,2,"female",40,0,0,15.75,"S","Second","woman","False","","Southampton","yes","True"
"360",1,3,"female",33,3,0,15.85,"S","Third","woman","False","","Southampton","yes","False"
"361",1,3,"female",24,1,0,15.85,"S","Third","woman","False","","Southampton","yes","False"
"362",0,3,"male",32,1,0,15.85,"S","Third","man","True","","Southampton","no","False"
"363",0,3,"male",28,1,0,15.85,"S","Third","man","True","","Southampton","no","False"
"364",1,3,"male",3,1,1,15.9,"S","Third","child","False","","Southampton","yes","False"
"365",1,3,"male",9,1,1,15.9,"S","Third","child","False","","Southampton","yes","False"
"366",1,2,"female",55,0,0,16,"S","Second","woman","False","","Southampton","yes","True"
"367",0,3,"male",44,0,1,16.1,"S","Third","man","True","","Southampton","no","False"
"368",0,3,"male",30,1,0,16.1,"S","Third","man","True","","Southampton","no","False"
"369",0,3,"female",26,1,0,16.1,"S","Third","woman","False","","Southampton","no","False"
"370",0,3,"male",21,0,0,16.1,"S","Third","man","True","","Southampton","no","True"
"371",0,3,"male",28.5,0,0,16.1,"S","Third","man","True","","Southampton","no","True"
"372",0,3,"male",24,1,0,16.1,"S","Third","man","True","","Southampton","no","False"
"373",1,3,"female",4,1,1,16.7,"S","Third","child","False","G","Southampton","yes","False"
"374",1,3,"female",24,0,2,16.7,"S","Third","woman","False","G","Southampton","yes","False"
"375",1,3,"female",36,1,0,17.4,"S","Third","woman","False","","Southampton","yes","False"
"376",0,3,"female",18,1,0,17.8,"S","Third","woman","False","","Southampton","no","False"
"377",0,3,"male",25,1,0,17.8,"S","Third","man","True","","Southampton","no","False"
"378",0,3,"female",31,1,0,18,"S","Third","woman","False","","Southampton","no","False"
"379",0,3,"female",18,2,0,18,"S","Third","woman","False","","Southampton","no","False"
"380",0,3,"male",16,2,0,18,"S","Third","man","True","","Southampton","no","False"
"381",1,2,"male",3,1,1,18.75,"S","Second","child","False","","Southampton","yes","False"
"382",1,2,"female",24,2,3,18.75,"S","Second","woman","False","","Southampton","yes","False"
"383",1,2,"male",0.83,1,1,18.75,"S","Second","child","False","","Southampton","yes","False"
"384",1,3,"male",26,0,0,18.7875,"C","Third","man","True","","Cherbourg","yes","True"
"385",0,3,"male",11,0,0,18.7875,"C","Third","child","False","","Cherbourg","no","True"
"386",1,3,"female",5,2,1,19.2583,"C","Third","child","False","","Cherbourg","yes","False"
"387",1,3,"female",0.75,2,1,19.2583,"C","Third","child","False","","Cherbourg","yes","False"
"388",1,3,"female",0.75,2,1,19.2583,"C","Third","child","False","","Cherbourg","yes","False"
"389",1,3,"female",24,0,3,19.2583,"C","Third","woman","False","","Cherbourg","yes","False"
"390",1,2,"female",41,0,1,19.5,"S","Second","woman","False","","Southampton","yes","False"
"391",1,2,"female",13,0,1,19.5,"S","Second","child","False","","Southampton","yes","False"
"392",0,3,"female",41,0,2,20.2125,"S","Third","woman","False","","Southampton","no","False"
"393",0,3,"male",18,1,1,20.2125,"S","Third","man","True","","Southampton","no","False"
"394",1,3,"female",35,1,1,20.25,"S","Third","woman","False","","Southampton","yes","False"
"395",0,3,"male",16,1,1,20.25,"S","Third","man","True","","Southampton","no","False"
"396",1,3,"male",9,0,2,20.525,"S","Third","child","False","","Southampton","yes","False"
"397",1,3,"female",31,1,1,20.525,"S","Third","woman","False","","Southampton","yes","False"
"398",0,3,"male",33,1,1,20.525,"S","Third","man","True","","Southampton","no","False"
"399",0,3,"male",26,1,2,20.575,"S","Third","man","True","","Southampton","no","False"
"400",1,3,"male",1,1,2,20.575,"S","Third","child","False","","Southampton","yes","False"
"401",0,2,"female",27,1,0,21,"S","Second","woman","False","","Southampton","no","False"
"402",0,2,"male",29,1,0,21,"S","Second","man","True","","Southampton","no","False"
"403",1,2,"female",35,0,0,21,"S","Second","woman","False","","Southampton","yes","True"
"404",0,2,"male",34,1,0,21,"S","Second","man","True","","Southampton","no","False"
"405",0,2,"male",34,1,0,21,"S","Second","man","True","","Southampton","no","False"
"406",1,2,"female",30,3,0,21,"S","Second","woman","False","","Southampton","yes","False"
"407",0,3,"male",2,3,1,21.075,"S","Third","child","False","","Southampton","no","False"
"408",0,3,"female",8,3,1,21.075,"S","Third","child","False","","Southampton","no","False"
"409",0,3,"female",3,3,1,21.075,"S","Third","child","False","","Southampton","no","False"
"410",0,3,"female",29,0,4,21.075,"S","Third","woman","False","","Southampton","no","False"
"411",1,3,"female",4,0,2,22.025,"S","Third","child","False","","Southampton","yes","False"
"412",0,3,"male",28,0,0,22.525,"S","Third","man","True","","Southampton","no","True"
"413",1,2,"female",34,0,1,23,"S","Second","woman","False","","Southampton","yes","False"
"414",1,2,"female",18,0,1,23,"S","Second","woman","False","","Southampton","yes","False"
"415",1,2,"female",4,1,1,23,"S","Second","child","False","","Southampton","yes","False"
"416",1,2,"female",54,1,3,23,"S","Second","woman","False","","Southampton","yes","False"
"417",0,2,"male",30,1,0,24,"C","Second","man","True","","Cherbourg","no","False"
"418",1,2,"female",28,1,0,24,"C","Second","woman","False","","Cherbourg","yes","False"
"419",0,3,"female",10,0,2,24.15,"S","Third","child","False","","Southampton","no","False"
"420",0,3,"male",24,2,0,24.15,"S","Third","man","True","","Southampton","no","False"
"421",0,3,"male",36,1,1,24.15,"S","Third","man","True","","Southampton","no","False"
"422",0,3,"female",30,1,1,24.15,"S","Third","woman","False","","Southampton","no","False"
"423",0,3,"male",39,0,0,24.15,"S","Third","man","True","","Southampton","no","True"
"424",0,1,"male",47,0,0,25.5875,"S","First","man","True","E","Southampton","no","True"
"425",1,1,"female",49,0,0,25.9292,"S","First","woman","False","D","Southampton","yes","True"
"426",1,1,"female",48,0,0,25.9292,"S","First","woman","False","D","Southampton","yes","True"
"427",0,2,"male",35,0,0,26,"S","Second","man","True","","Southampton","no","True"
"428",1,2,"female",29,1,0,26,"S","Second","woman","False","","Southampton","yes","False"
"429",0,2,"male",34,1,0,26,"S","Second","man","True","","Southampton","no","False"
"430",1,2,"female",29,1,0,26,"S","Second","woman","False","","Southampton","yes","False"
"431",0,2,"male",36.5,0,2,26,"S","Second","man","True","F","Southampton","no","False"
"432",1,2,"male",3,1,1,26,"S","Second","child","False","F","Southampton","yes","False"
"433",0,2,"male",44,1,0,26,"S","Second","man","True","","Southampton","no","False"
"434",0,2,"male",54,1,0,26,"S","Second","man","True","","Southampton","no","False"
"435",1,2,"female",50,0,1,26,"S","Second","woman","False","","Southampton","yes","False"
"436",0,2,"female",26,1,1,26,"S","Second","woman","False","","Southampton","no","False"
"437",1,2,"female",24,1,0,26,"S","Second","woman","False","","Southampton","yes","False"
"438",1,2,"male",2,1,1,26,"S","Second","child","False","F","Southampton","yes","False"
"439",0,2,"male",46,0,0,26,"S","Second","man","True","","Southampton","no","True"
"440",1,2,"female",28,1,0,26,"S","Second","woman","False","","Southampton","yes","False"
"441",1,2,"female",19,0,0,26,"S","Second","woman","False","","Southampton","yes","True"
"442",1,2,"female",42,1,0,26,"S","Second","woman","False","","Southampton","yes","False"
"443",1,2,"female",33,0,2,26,"S","Second","woman","False","","Southampton","yes","False"
"444",1,2,"female",36,1,0,26,"S","Second","woman","False","","Southampton","yes","False"
"445",1,2,"female",2,1,1,26,"S","Second","child","False","","Southampton","yes","False"
"446",1,2,"male",32,1,0,26,"S","Second","man","True","","Southampton","yes","False"
"447",0,1,"male",64,0,0,26,"S","First","man","True","","Southampton","no","True"
"448",1,2,"female",19,1,0,26,"S","Second","woman","False","","Southampton","yes","False"
"449",0,2,"male",27,0,0,26,"S","Second","man","True","","Southampton","no","True"
"450",0,2,"male",54,0,0,26,"S","Second","man","True","","Southampton","no","True"
"451",0,2,"male",37,1,0,26,"S","Second","man","True","","Southampton","no","False"
"452",0,2,"male",39,0,0,26,"S","Second","man","True","","Southampton","no","True"
"453",0,2,"male",25,1,0,26,"S","Second","man","True","","Southampton","no","False"
"454",0,2,"male",16,0,0,26,"S","Second","man","True","","Southampton","no","True"
"455",0,2,"female",44,1,0,26,"S","Second","woman","False","","Southampton","no","False"
"456",1,2,"female",25,0,1,26,"S","Second","woman","False","","Southampton","yes","False"
"457",1,2,"female",8,0,2,26.25,"S","Second","child","False","","Southampton","yes","False"
"458",0,2,"male",43,1,1,26.25,"S","Second","man","True","","Southampton","no","False"
"459",1,2,"female",45,1,1,26.25,"S","Second","woman","False","","Southampton","yes","False"
"460",1,2,"female",7,0,2,26.25,"S","Second","child","False","","Southampton","yes","False"
"461",0,2,"male",31,1,1,26.25,"S","Second","man","True","","Southampton","no","False"
"462",1,2,"female",31,1,1,26.25,"S","Second","woman","False","","Southampton","yes","False"
"463",1,1,"female",19,0,2,26.2833,"S","First","woman","False","D","Southampton","yes","False"
"464",1,1,"male",36,0,0,26.2875,"S","First","man","True","E","Southampton","yes","True"
"465",1,1,"male",35,0,0,26.2875,"S","First","man","True","E","Southampton","yes","True"
"466",1,1,"male",42,0,0,26.2875,"S","First","man","True","E","Southampton","yes","True"
"467",1,1,"male",36,0,0,26.3875,"S","First","man","True","E","Southampton","yes","True"
"468",1,1,"female",58,0,0,26.55,"S","First","woman","False","C","Southampton","yes","True"
"469",1,1,"male",45,0,0,26.55,"S","First","man","True","","Southampton","yes","True"
"470",0,1,"male",62,0,0,26.55,"S","First","man","True","C","Southampton","no","True"
"471",1,1,"male",28,0,0,26.55,"S","First","man","True","C","Southampton","yes","True"
"472",1,1,"male",34,0,0,26.55,"S","First","man","True","","Southampton","yes","True"
"473",0,1,"male",65,0,0,26.55,"S","First","man","True","E","Southampton","no","True"
"474",1,1,"male",48,0,0,26.55,"S","First","man","True","E","Southampton","yes","True"
"475",0,1,"male",56,0,0,26.55,"S","First","man","True","","Southampton","no","True"
"476",0,1,"male",45,0,0,26.55,"S","First","man","True","B","Southampton","no","True"
"477",0,1,"male",62,0,0,26.55,"S","First","man","True","","Southampton","no","True"
"478",1,1,"male",35,0,0,26.55,"C","First","man","True","","Cherbourg","yes","True"
"479",0,1,"male",60,0,0,26.55,"S","First","man","True","","Southampton","no","True"
"480",1,1,"male",51,0,0,26.55,"S","First","man","True","E","Southampton","yes","True"
"481",0,2,"male",42,1,0,27,"S","Second","man","True","","Southampton","no","False"
"482",1,2,"female",24,2,1,27,"S","Second","woman","False","","Southampton","yes","False"
"483",0,1,"male",40,0,0,27.7208,"C","First","man","True","","Cherbourg","no","True"
"484",1,1,"female",44,0,0,27.7208,"C","First","woman","False","B","Cherbourg","yes","True"
"485",0,2,"male",29,1,0,27.7208,"C","Second","man","True","","Cherbourg","no","False"
"486",1,2,"female",5,1,2,27.75,"S","Second","child","False","","Southampton","yes","False"
"487",0,2,"male",36,1,2,27.75,"S","Second","man","True","","Southampton","no","False"
"488",0,1,"male",30,0,0,27.75,"C","First","man","True","C","Cherbourg","no","True"
"489",1,2,"female",33,1,2,27.75,"S","Second","woman","False","","Southampton","yes","False"
"490",0,3,"male",4,3,2,27.9,"S","Third","child","False","","Southampton","no","False"
"491",0,3,"female",45,1,4,27.9,"S","Third","woman","False","","Southampton","no","False"
"492",0,3,"male",40,1,4,27.9,"S","Third","man","True","","Southampton","no","False"
"493",0,3,"female",9,3,2,27.9,"S","Third","child","False","","Southampton","no","False"
"494",0,3,"female",2,3,2,27.9,"S","Third","child","False","","Southampton","no","False"
"495",0,3,"male",10,3,2,27.9,"S","Third","child","False","","Southampton","no","False"
"496",0,1,"male",45.5,0,0,28.5,"S","First","man","True","C","Southampton","no","True"
"497",0,1,"female",50,0,0,28.7125,"C","First","woman","False","C","Cherbourg","no","True"
"498",1,2,"male",0.83,0,2,29,"S","Second","child","False","","Southampton","yes","False"
"499",1,2,"female",22,1,1,29,"S","Second","woman","False","","Southampton","yes","False"
"500",0,3,"male",2,4,1,29.125,"Q","Third","child","False","","Queenstown","no","False"
"501",0,3,"male",4,4,1,29.125,"Q","Third","child","False","","Queenstown","no","False"
"502",0,3,"male",7,4,1,29.125,"Q","Third","child","False","","Queenstown","no","False"
"503",0,3,"male",8,4,1,29.125,"Q","Third","child","False","","Queenstown","no","False"
"504",0,3,"female",39,0,5,29.125,"Q","Third","woman","False","","Queenstown","no","False"
"505",0,1,"male",37,0,1,29.7,"C","First","man","True","C","Cherbourg","no","False"
"506",0,1,"male",58,0,0,29.7,"C","First","man","True","B","Cherbourg","no","True"
"507",1,2,"female",25,1,1,30,"S","Second","woman","False","","Southampton","yes","False"
"508",1,1,"male",80,0,0,30,"S","First","man","True","A","Southampton","yes","True"
"509",0,1,"male",29,0,0,30,"S","First","man","True","D","Southampton","no","True"
"510",1,1,"female",19,0,0,30,"S","First","woman","False","B","Southampton","yes","True"
"511",1,1,"male",26,0,0,30,"C","First","man","True","C","Cherbourg","yes","True"
"512",1,2,"female",14,1,0,30.0708,"C","Second","child","False","","Cherbourg","yes","False"
"513",0,2,"male",32.5,1,0,30.0708,"C","Second","man","True","","Cherbourg","no","False"
"514",1,1,"male",52,0,0,30.5,"S","First","man","True","C","Southampton","yes","True"
"515",0,1,"male",55,0,0,30.5,"S","First","man","True","C","Southampton","no","True"
"516",1,1,"male",27,0,0,30.5,"S","First","man","True","","Southampton","yes","True"
"517",1,1,"male",32,0,0,30.5,"C","First","man","True","B","Cherbourg","yes","True"
"518",0,1,"male",56,0,0,30.6958,"C","First","man","True","A","Cherbourg","no","True"
"519",1,1,"male",40,0,0,31,"C","First","man","True","A","Cherbourg","yes","True"
"520",1,1,"female",30,0,0,31,"C","First","woman","False","","Cherbourg","yes","True"
"521",0,3,"male",39,1,5,31.275,"S","Third","man","True","","Southampton","no","False"
"522",0,3,"female",2,4,2,31.275,"S","Third","child","False","","Southampton","no","False"
"523",0,3,"female",9,4,2,31.275,"S","Third","child","False","","Southampton","no","False"
"524",0,3,"female",11,4,2,31.275,"S","Third","child","False","","Southampton","no","False"
"525",0,3,"female",39,1,5,31.275,"S","Third","woman","False","","Southampton","no","False"
"526",0,3,"female",6,4,2,31.275,"S","Third","child","False","","Southampton","no","False"
"527",0,3,"male",4,4,2,31.275,"S","Third","child","False","","Southampton","no","False"
"528",1,3,"female",38,1,5,31.3875,"S","Third","woman","False","","Southampton","yes","False"
"529",0,3,"male",9,4,2,31.3875,"S","Third","child","False","","Southampton","no","False"
"530",1,3,"female",5,4,2,31.3875,"S","Third","child","False","","Southampton","yes","False"
"531",1,3,"male",3,4,2,31.3875,"S","Third","child","False","","Southampton","yes","False"
"532",0,1,"male",61,0,0,32.3208,"S","First","man","True","D","Southampton","no","True"
"533",1,2,"female",34,1,1,32.5,"S","Second","woman","False","","Southampton","yes","False"
"534",1,2,"female",6,0,1,33,"S","Second","child","False","","Southampton","yes","False"
"535",0,2,"male",28,0,1,33,"S","Second","man","True","","Southampton","no","False"
"536",0,1,"male",61,0,0,33.5,"S","First","man","True","B","Southampton","no","True"
"537",0,1,"male",47,0,0,34.0208,"S","First","man","True","D","Southampton","no","True"
"538",0,3,"male",16,1,3,34.375,"S","Third","man","True","","Southampton","no","False"
"539",0,3,"female",9,2,2,34.375,"S","Third","child","False","","Southampton","no","False"
"540",0,3,"female",21,2,2,34.375,"S","Third","woman","False","","Southampton","no","False"
"541",0,3,"female",48,1,3,34.375,"S","Third","woman","False","","Southampton","no","False"
"542",0,1,"male",71,0,0,34.6542,"C","First","man","True","A","Cherbourg","no","True"
"543",1,1,"male",28,0,0,35.5,"S","First","man","True","A","Southampton","yes","True"
"544",0,1,"male",45,0,0,35.5,"S","First","man","True","","Southampton","no","True"
"545",1,1,"male",56,0,0,35.5,"C","First","man","True","A","Cherbourg","yes","True"
"546",0,2,"male",19,1,1,36.75,"S","Second","man","True","","Southampton","no","False"
"547",1,2,"male",8,1,1,36.75,"S","Second","child","False","","Southampton","yes","False"
"548",0,2,"male",31,1,1,37.0042,"C","Second","man","True","","Cherbourg","no","False"
"549",1,2,"male",1,0,2,37.0042,"C","Second","child","False","","Cherbourg","yes","False"
"550",0,1,"male",47,0,0,38.5,"S","First","man","True","E","Southampton","no","True"
"551",1,2,"male",1,2,1,39,"S","Second","child","False","F","Southampton","yes","False"
"552",1,2,"female",4,2,1,39,"S","Second","child","False","F","Southampton","yes","False"
"553",1,2,"female",40,1,1,39,"S","Second","woman","False","","Southampton","yes","False"
"554",0,2,"male",60,1,1,39,"S","Second","man","True","","Southampton","no","False"
"555",1,1,"female",16,0,1,39.4,"S","First","woman","False","D","Southampton","yes","False"
"556",1,1,"female",48,1,0,39.6,"C","First","woman","False","A","Cherbourg","yes","False"
"557",0,3,"male",7,4,1,39.6875,"S","Third","child","False","","Southampton","no","False"
"558",0,3,"male",1,4,1,39.6875,"S","Third","child","False","","Southampton","no","False"
"559",0,3,"male",16,4,1,39.6875,"S","Third","man","True","","Southampton","no","False"
"560",0,3,"female",41,0,5,39.6875,"S","Third","woman","False","","Southampton","no","False"
"561",0,3,"male",14,4,1,39.6875,"S","Third","child","False","","Southampton","no","False"
"562",0,3,"male",2,4,1,39.6875,"S","Third","child","False","","Southampton","no","False"
"563",0,1,"male",36,0,0,40.125,"C","First","man","True","A","Cherbourg","no","True"
"564",1,2,"female",3,1,2,41.5792,"C","Second","child","False","","Cherbourg","yes","False"
"565",1,2,"female",22,1,2,41.5792,"C","Second","woman","False","","Cherbourg","yes","False"
"566",0,2,"male",25,1,2,41.5792,"C","Second","man","True","","Cherbourg","no","False"
"567",0,3,"male",11,5,2,46.9,"S","Third","child","False","","Southampton","no","False"
"568",0,3,"female",16,5,2,46.9,"S","Third","woman","False","","Southampton","no","False"
"569",0,3,"male",1,5,2,46.9,"S","Third","child","False","","Southampton","no","False"
"570",0,3,"male",9,5,2,46.9,"S","Third","child","False","","Southampton","no","False"
"571",0,3,"female",43,1,6,46.9,"S","Third","woman","False","","Southampton","no","False"
"572",0,3,"male",14,5,2,46.9,"S","Third","child","False","","Southampton","no","False"
"573",0,1,"male",28,0,0,47.1,"S","First","man","True","","Southampton","no","True"
"574",1,1,"female",22,0,2,49.5,"C","First","woman","False","B","Cherbourg","yes","False"
"575",0,1,"male",71,0,0,49.5042,"C","First","man","True","","Cherbourg","no","True"
"576",1,1,"female",24,0,0,49.5042,"C","First","woman","False","C","Cherbourg","yes","True"
"577",0,1,"male",31,0,0,50.4958,"S","First","man","True","A","Southampton","no","True"
"578",1,1,"female",53,2,0,51.4792,"S","First","woman","False","C","Southampton","yes","False"
"579",0,1,"male",54,0,0,51.8625,"S","First","man","True","E","Southampton","no","True"
"580",0,1,"male",42,1,0,52,"S","First","man","True","","Southampton","no","False"
"581",0,1,"male",47,0,0,52,"S","First","man","True","C","Southampton","no","True"
"582",1,1,"female",35,1,0,52,"S","First","woman","False","","Southampton","yes","False"
"583",0,1,"male",31,1,0,52,"S","First","man","True","B","Southampton","no","False"
"584",1,1,"male",48,1,0,52,"S","First","man","True","C","Southampton","yes","False"
"585",1,1,"male",37,1,1,52.5542,"S","First","man","True","D","Southampton","yes","False"
"586",1,1,"male",42,1,0,52.5542,"S","First","man","True","D","Southampton","yes","False"
"587",1,1,"female",47,1,1,52.5542,"S","First","woman","False","D","Southampton","yes","False"
"588",1,1,"female",35,1,0,53.1,"S","First","woman","False","C","Southampton","yes","False"
"589",0,1,"male",37,1,0,53.1,"S","First","man","True","C","Southampton","no","False"
"590",1,1,"male",27,1,0,53.1,"S","First","man","True","E","Southampton","yes","False"
"591",0,1,"male",19,1,0,53.1,"S","First","man","True","D","Southampton","no","False"
"592",1,1,"female",33,1,0,53.1,"S","First","woman","False","E","Southampton","yes","False"
"593",1,1,"female",22,0,1,55,"S","First","woman","False","E","Southampton","yes","False"
"594",1,1,"male",25,1,0,55.4417,"C","First","man","True","E","Cherbourg","yes","False"
"595",0,1,"male",50,1,0,55.9,"S","First","man","True","E","Southampton","no","False"
"596",1,1,"female",39,1,0,55.9,"S","First","woman","False","E","Southampton","yes","False"
"597",1,3,"male",32,0,0,56.4958,"S","Third","man","True","","Southampton","yes","True"
"598",0,3,"male",28,0,0,56.4958,"S","Third","man","True","","Southampton","no","True"
"599",1,3,"male",26,0,0,56.4958,"S","Third","man","True","","Southampton","yes","True"
"600",1,3,"male",32,0,0,56.4958,"S","Third","man","True","","Southampton","yes","True"
"601",1,1,"female",30,0,0,56.9292,"C","First","woman","False","E","Cherbourg","yes","True"
"602",1,1,"male",49,1,0,56.9292,"C","First","man","True","A","Cherbourg","yes","False"
"603",1,1,"male",31,1,0,57,"S","First","man","True","B","Southampton","yes","False"
"604",1,1,"female",17,1,0,57,"S","First","woman","False","B","Southampton","yes","False"
"605",1,1,"female",16,0,1,57.9792,"C","First","woman","False","B","Cherbourg","yes","False"
"606",1,1,"female",44,0,1,57.9792,"C","First","woman","False","B","Cherbourg","yes","False"
"607",1,1,"female",54,1,0,59.4,"C","First","woman","False","","Cherbourg","yes","False"
"608",0,1,"male",46,1,0,61.175,"S","First","man","True","E","Southampton","no","False"
"609",0,1,"male",51,0,1,61.3792,"C","First","man","True","","Cherbourg","no","False"
"610",0,1,"male",65,0,1,61.9792,"C","First","man","True","B","Cherbourg","no","False"
"611",1,1,"male",23,0,1,63.3583,"C","First","man","True","D","Cherbourg","yes","False"
"612",1,2,"female",24,1,2,65,"S","Second","woman","False","","Southampton","yes","False"
"613",1,2,"female",48,1,2,65,"S","Second","woman","False","","Southampton","yes","False"
"614",1,1,"female",22,1,0,66.6,"S","First","woman","False","C","Southampton","yes","False"
"615",0,1,"male",29,1,0,66.6,"S","First","man","True","C","Southampton","no","False"
"616",1,1,"female",24,0,0,69.3,"C","First","woman","False","B","Cherbourg","yes","True"
"617",1,1,"female",24,0,0,69.3,"C","First","woman","False","B","Cherbourg","yes","True"
"618",1,1,"female",36,0,2,71,"S","First","woman","False","B","Southampton","yes","False"
"619",0,1,"male",70,1,1,71,"S","First","man","True","B","Southampton","no","False"
"620",1,1,"female",38,1,0,71.2833,"C","First","woman","False","C","Cherbourg","yes","False"
"621",0,2,"male",21,0,0,73.5,"S","Second","man","True","","Southampton","no","True"
"622",0,2,"male",21,2,0,73.5,"S","Second","man","True","","Southampton","no","False"
"623",0,2,"male",18,0,0,73.5,"S","Second","man","True","","Southampton","no","True"
"624",0,2,"male",24,2,0,73.5,"S","Second","man","True","","Southampton","no","False"
"625",0,2,"male",32,2,0,73.5,"S","Second","man","True","","Southampton","no","False"
"626",1,1,"female",60,1,0,75.25,"C","First","woman","False","D","Cherbourg","yes","False"
"627",1,1,"female",32,0,0,76.2917,"C","First","woman","False","D","Cherbourg","yes","True"
"628",1,1,"female",49,1,0,76.7292,"C","First","woman","False","D","Cherbourg","yes","False"
"629",1,1,"male",48,1,0,76.7292,"C","First","man","True","D","Cherbourg","yes","False"
"630",1,1,"male",27,0,0,76.7292,"C","First","man","True","D","Cherbourg","yes","True"
"631",0,1,"male",21,0,1,77.2875,"S","First","man","True","D","Southampton","no","False"
"632",0,1,"male",54,0,1,77.2875,"S","First","man","True","D","Southampton","no","False"
"633",1,1,"female",63,1,0,77.9583,"S","First","woman","False","D","Southampton","yes","False"
"634",1,1,"female",21,0,0,77.9583,"S","First","woman","False","D","Southampton","yes","True"
"635",1,1,"female",51,1,0,77.9583,"S","First","woman","False","D","Southampton","yes","False"
"636",1,1,"female",54,1,0,78.2667,"C","First","woman","False","D","Cherbourg","yes","False"
"637",1,1,"female",52,1,0,78.2667,"C","First","woman","False","D","Cherbourg","yes","False"
"638",1,1,"female",26,0,0,78.85,"S","First","woman","False","","Southampton","yes","True"
"639",0,1,"male",36,1,0,78.85,"S","First","man","True","C","Southampton","no","False"
"640",0,1,"male",24,0,0,79.2,"C","First","man","True","B","Cherbourg","no","True"
"641",1,1,"male",60,1,1,79.2,"C","First","man","True","B","Cherbourg","yes","False"
"642",0,1,"male",46,0,0,79.2,"C","First","man","True","B","Cherbourg","no","True"
"643",0,1,"male",52,1,1,79.65,"S","First","man","True","E","Southampton","no","False"
"644",1,1,"female",39,1,1,79.65,"S","First","woman","False","E","Southampton","yes","False"
"645",1,1,"female",18,0,2,79.65,"S","First","woman","False","E","Southampton","yes","False"
"646",1,1,"female",38,0,0,80,"","First","woman","False","B","","yes","True"
"647",1,1,"female",62,0,0,80,"","First","woman","False","B","","yes","True"
"648",1,1,"male",4,0,2,81.8583,"S","First","child","False","A","Southampton","yes","False"
"649",0,1,"male",28,1,0,82.1708,"C","First","man","True","","Cherbourg","no","False"
"650",1,1,"female",24,0,0,83.1583,"C","First","woman","False","C","Cherbourg","yes","True"
"651",1,1,"female",39,1,1,83.1583,"C","First","woman","False","E","Cherbourg","yes","False"
"652",1,1,"female",56,0,1,83.1583,"C","First","woman","False","C","Cherbourg","yes","False"
"653",0,1,"male",45,1,0,83.475,"S","First","man","True","C","Southampton","no","False"
"654",1,1,"female",35,1,0,83.475,"S","First","woman","False","C","Southampton","yes","False"
"655",1,1,"female",30,0,0,86.5,"S","First","woman","False","B","Southampton","yes","True"
"656",1,1,"female",16,0,0,86.5,"S","First","woman","False","B","Southampton","yes","True"
"657",1,1,"female",33,0,0,86.5,"S","First","woman","False","B","Southampton","yes","True"
"658",1,1,"male",49,1,0,89.1042,"C","First","man","True","C","Cherbourg","yes","False"
"659",1,1,"male",38,1,0,90,"S","First","man","True","C","Southampton","yes","False"
"660",0,1,"male",44,2,0,90,"Q","First","man","True","C","Queenstown","no","False"
"661",1,1,"female",33,1,0,90,"Q","First","woman","False","C","Queenstown","yes","False"
"662",1,1,"female",35,1,0,90,"S","First","woman","False","C","Southampton","yes","False"
"663",1,1,"female",19,1,0,91.0792,"C","First","woman","False","B","Cherbourg","yes","False"
"664",1,1,"male",25,1,0,91.0792,"C","First","man","True","B","Cherbourg","yes","False"
"665",1,1,"female",30,0,0,93.5,"S","First","woman","False","B","Southampton","yes","True"
"666",1,1,"female",52,1,1,93.5,"S","First","woman","False","B","Southampton","yes","False"
"667",1,1,"female",30,0,0,106.425,"C","First","woman","False","","Cherbourg","yes","True"
"668",0,1,"male",50,1,0,106.425,"C","First","man","True","C","Cherbourg","no","False"
"669",1,1,"female",17,1,0,108.9,"C","First","woman","False","C","Cherbourg","yes","False"
"670",0,1,"male",18,1,0,108.9,"C","First","man","True","C","Cherbourg","no","False"
"671",1,1,"male",17,0,2,110.8833,"C","First","man","True","C","Cherbourg","yes","False"
"672",1,1,"female",39,1,1,110.8833,"C","First","woman","False","C","Cherbourg","yes","False"
"673",0,1,"male",49,1,1,110.8833,"C","First","man","True","C","Cherbourg","no","False"
"674",1,1,"female",31,1,0,113.275,"C","First","woman","False","D","Cherbourg","yes","False"
"675",1,1,"female",23,1,0,113.275,"C","First","woman","False","D","Cherbourg","yes","False"
"676",0,1,"male",58,0,2,113.275,"C","First","man","True","D","Cherbourg","no","False"
"677",1,1,"male",36,1,2,120,"S","First","man","True","B","Southampton","yes","False"
"678",1,1,"female",14,1,2,120,"S","First","child","False","B","Southampton","yes","False"
"679",1,1,"female",36,1,2,120,"S","First","woman","False","B","Southampton","yes","False"
"680",1,1,"male",11,1,2,120,"S","First","child","False","B","Southampton","yes","False"
"681",1,1,"male",50,2,0,133.65,"S","First","man","True","","Southampton","yes","False"
"682",1,1,"female",40,1,1,134.5,"C","First","woman","False","E","Cherbourg","yes","False"
"683",1,1,"female",41,0,0,134.5,"C","First","woman","False","E","Cherbourg","yes","True"
"684",1,1,"female",35,0,0,135.6333,"S","First","woman","False","C","Southampton","yes","True"
"685",1,1,"female",36,0,0,135.6333,"C","First","woman","False","C","Cherbourg","yes","True"
"686",0,1,"male",22,0,0,135.6333,"C","First","man","True","","Cherbourg","no","True"
"687",1,1,"female",58,0,0,146.5208,"C","First","woman","False","B","Cherbourg","yes","True"
"688",0,1,"female",2,1,2,151.55,"S","First","child","False","C","Southampton","no","False"
"689",1,1,"male",0.92,1,2,151.55,"S","First","child","False","C","Southampton","yes","False"
"690",0,1,"female",25,1,2,151.55,"S","First","woman","False","C","Southampton","no","False"
"691",1,1,"female",22,0,0,151.55,"S","First","woman","False","","Southampton","yes","True"
"692",1,1,"female",58,0,1,153.4625,"S","First","woman","False","C","Southampton","yes","False"
"693",0,1,"male",38,0,1,153.4625,"S","First","man","True","C","Southampton","no","False"
"694",1,1,"female",40,0,0,153.4625,"S","First","woman","False","C","Southampton","yes","True"
"695",1,1,"female",31,0,2,164.8667,"S","First","woman","False","C","Southampton","yes","False"
"696",1,1,"female",45,1,1,164.8667,"S","First","woman","False","","Southampton","yes","False"
"697",1,1,"female",15,0,1,211.3375,"S","First","child","False","B","Southampton","yes","False"
"698",1,1,"female",29,0,0,211.3375,"S","First","woman","False","B","Southampton","yes","True"
"699",1,1,"female",43,0,1,211.3375,"S","First","woman","False","B","Southampton","yes","False"
"700",0,1,"male",27,0,2,211.5,"C","First","man","True","C","Cherbourg","no","False"
"701",1,1,"female",42,0,0,227.525,"C","First","woman","False","","Cherbourg","yes","True"
"702",1,1,"female",18,1,0,227.525,"C","First","woman","False","C","Cherbourg","yes","False"
"703",1,1,"female",38,0,0,227.525,"C","First","woman","False","C","Cherbourg","yes","True"
"704",0,1,"male",24,0,1,247.5208,"C","First","man","True","B","Cherbourg","no","False"
"705",1,1,"female",50,0,1,247.5208,"C","First","woman","False","B","Cherbourg","yes","False"
"706",1,1,"female",18,2,2,262.375,"C","First","woman","False","B","Cherbourg","yes","False"
"707",1,1,"female",21,2,2,262.375,"C","First","woman","False","B","Cherbourg","yes","False"
"708",0,1,"male",19,3,2,263,"S","First","man","True","C","Southampton","no","False"
"709",1,1,"female",23,3,2,263,"S","First","woman","False","C","Southampton","yes","False"
"710",1,1,"female",24,3,2,263,"S","First","woman","False","C","Southampton","yes","False"
"711",0,1,"male",64,1,4,263,"S","First","man","True","C","Southampton","no","False"
"712",1,1,"female",35,0,0,512.3292,"C","First","woman","False","","Cherbourg","yes","True"
"713",1,1,"male",36,0,1,512.3292,"C","First","man","True","B","Cherbourg","yes","False"
"714",1,1,"male",35,0,0,512.3292,"C","First","man","True","B","Cherbourg","yes","True"
